{
  "stimuli_path": "/Users/bobcute/Project/Emotion MI/data/stimuli/self_consciousness_philosophy.json",
  "n_texts": 80,
  "activation": {
    "peak_layer": 24,
    "raw_norm_mean": 8456.5791015625,
    "centered_strength_mean": 1095.2073974609375,
    "centered_strength_by_stimulus": {
      "S001": 529.340087890625,
      "S002": 948.434326171875,
      "S003": 1038.0955810546875,
      "S004": 1029.901611328125,
      "S005": 1105.443115234375,
      "S006": 1374.306396484375,
      "S007": 1250.1732177734375,
      "S008": 509.31744384765625,
      "S009": 745.8833618164062,
      "S010": 711.9743041992188,
      "S011": 843.7728881835938,
      "S012": 709.6383056640625,
      "S013": 875.1381225585938,
      "S014": 831.6727905273438,
      "S015": 579.5985107421875,
      "S016": 670.3833618164062,
      "S017": 725.6940307617188,
      "S018": 798.5288696289062,
      "S019": 791.4743041992188,
      "S020": 1190.237060546875,
      "S021": 848.2349243164062,
      "S022": 664.0084838867188,
      "S023": 583.3563232421875,
      "S024": 897.0047607421875,
      "S025": 653.4385986328125,
      "S026": 758.623046875,
      "S027": 1428.7979736328125,
      "S028": 1315.893310546875,
      "S029": 3021.676025390625,
      "S030": 3093.9951171875,
      "S031": 1976.259521484375,
      "S032": 1807.06103515625,
      "S033": 1548.97021484375,
      "S034": 894.875732421875,
      "S035": 775.1303100585938,
      "S036": 754.003662109375,
      "S037": 982.354736328125,
      "S038": 850.625244140625,
      "S039": 683.2981567382812,
      "S040": 737.9760131835938,
      "S041": 811.3941040039062,
      "S042": 2152.633544921875,
      "S043": 1212.5421142578125,
      "S044": 1472.4810791015625,
      "S045": 1071.216552734375,
      "S046": 912.2034301757812,
      "S047": 663.4594116210938,
      "S048": 891.2212524414062,
      "S049": 849.8475341796875,
      "S050": 1027.016845703125,
      "S051": 961.7305908203125,
      "S052": 905.920166015625,
      "S053": 1021.578125,
      "S054": 550.1307373046875,
      "S055": 1146.0567626953125,
      "S056": 854.7555541992188,
      "S057": 1751.4349365234375,
      "S058": 1375.597900390625,
      "S059": 1166.200439453125,
      "S060": 898.8447265625,
      "S061": 927.2167358398438,
      "S062": 1186.9779052734375,
      "S063": 636.739013671875,
      "S064": 1996.502197265625,
      "S065": 861.512451171875,
      "S066": 707.1917724609375,
      "S067": 865.7977294921875,
      "S068": 839.2462158203125,
      "S069": 1855.634765625,
      "S070": 1098.21826171875,
      "S071": 970.3529663085938,
      "S072": 915.7723388671875,
      "S073": 1447.7557373046875,
      "S074": 702.8485107421875,
      "S075": 666.8306884765625,
      "S076": 1441.829833984375,
      "S077": 3480.806396484375,
      "S078": 2091.85400390625,
      "S079": 1006.1234741210938,
      "S080": 686.5259399414062
    }
  }
}