{
  "n_traits": 120,
  "n_nan_traits_self": 8,
  "n_layers": 26,
  "peak_layer_SELF_vs_OTHER": 25,
  "peak_norm": 206.86781311035156,
  "top_emotions_at_peak": [
    [
      "aroused",
      -0.3672961890697479
    ],
    [
      "vengeful",
      -0.3695102632045746
    ],
    [
      "vindictive",
      -0.37702757120132446
    ],
    [
      "spiteful",
      -0.3777908682823181
    ],
    [
      "contemptuous",
      -0.37782204151153564
    ],
    [
      "envious",
      -0.3778509795665741
    ],
    [
      "defiant",
      -0.38084372878074646
    ],
    [
      "remorseful",
      -0.3814545273780823
    ],
    [
      "inspired",
      -0.38184797763824463
    ],
    [
      "bitter",
      -0.38189834356307983
    ],
    [
      "tormented",
      -0.3833445906639099
    ],
    [
      "sorry",
      -0.38391464948654175
    ],
    [
      "insulted",
      -0.3839583098888397
    ],
    [
      "scornful",
      -0.38401898741722107
    ],
    [
      "hurt",
      -0.38532236218452454
    ]
  ],
  "condition_rdm_at_peak": {
    "SELF_OTHER": 0.05055493116378784,
    "SELF_CASE": 0.10688239336013794,
    "OTHER_CASE": 0.08659279346466064
  }
}