{
  "n_prompts": 21,
  "n_probes": 7,
  "conditions": [
    "role_collapse",
    "neutral_history",
    "isolated"
  ],
  "primary_contrast": "role_collapse - neutral_history",
  "peak_layer": 24,
  "peak_role_minus_neutral_l2": 2902.492431640625,
  "layer_l2": {
    "role_minus_neutral": [
      9.533138275146484,
      21.687253952026367,
      29.53095245361328,
      32.161128997802734,
      59.16254806518555,
      95.00166320800781,
      124.71412658691406,
      173.3429412841797,
      206.48585510253906,
      617.7811889648438,
      615.7368774414062,
      864.75537109375,
      1063.9281005859375,
      1366.830078125,
      1402.651611328125,
      1474.794921875,
      1348.5887451171875,
      1732.2838134765625,
      1829.937744140625,
      1883.0057373046875,
      2013.790283203125,
      2230.322509765625,
      2527.575927734375,
      2642.550537109375,
      2902.492431640625,
      163.29595947265625
    ],
    "role_minus_isolated": [
      26.82012939453125,
      42.12853240966797,
      72.90100860595703,
      81.03390502929688,
      147.64244079589844,
      139.11827087402344,
      152.82460021972656,
      278.05029296875,
      239.180908203125,
      330.2653503417969,
      403.18792724609375,
      868.8084106445312,
      663.7962036132812,
      865.3722534179688,
      1084.222412109375,
      1390.5167236328125,
      1363.120361328125,
      1754.997802734375,
      1794.774658203125,
      1899.919677734375,
      2035.4154052734375,
      2164.369384765625,
      2437.2216796875,
      2562.53759765625,
      2870.972412109375,
      137.87973022460938
    ],
    "neutral_minus_isolated": [
      25.7263126373291,
      49.81672668457031,
      56.55039978027344,
      67.45489501953125,
      173.24215698242188,
      153.832275390625,
      154.5579376220703,
      180.41648864746094,
      252.17947387695312,
      746.2320556640625,
      801.0645141601562,
      606.2400512695312,
      1111.8841552734375,
      1318.5103759765625,
      1432.0323486328125,
      1435.934814453125,
      1516.5909423828125,
      1828.858154296875,
      1765.6783447265625,
      1884.409912109375,
      2057.572021484375,
      2209.91162109375,
      2547.5751953125,
      2741.989501953125,
      3039.72412109375,
      134.68017578125
    ]
  },
  "layer_cosine_between_condition_means": {
    "role_vs_neutral": [
      0.9995313882827759,
      0.9981910586357117,
      0.9966893792152405,
      0.9986125230789185,
      0.9984844326972961,
      0.9972531199455261,
      0.9971818327903748,
      0.9984936118125916,
      0.9988909959793091,
      0.9965330362319946,
      0.9970170855522156,
      0.9958298802375793,
      0.9936645030975342,
      0.9913290143013,
      0.9882819056510925,
      0.9857427477836609,
      0.9882058501243591,
      0.9795063138008118,
      0.980189323425293,
      0.9823679327964783,
      0.9834505915641785,
      0.9828943610191345,
      0.9816429615020752,
      0.9804884195327759,
      0.9755296111106873,
      0.6534592509269714
    ],
    "role_vs_isolated": [
      0.9965188503265381,
      0.9899157285690308,
      0.9827433228492737,
      0.9911816120147705,
      0.988925039768219,
      0.9924616813659668,
      0.9931080341339111,
      0.9939092993736267,
      0.9964367747306824,
      0.9958330988883972,
      0.9955357909202576,
      0.9943241477012634,
      0.9936725497245789,
      0.9924607276916504,
      0.9888494610786438,
      0.9851906895637512,
      0.9856952428817749,
      0.9779502749443054,
      0.9800621271133423,
      0.9820753335952759,
      0.9831176996231079,
      0.9839751124382019,
      0.9834460020065308,
      0.9826764464378357,
      0.9758569002151489,
      0.7496338486671448
    ],
    "neutral_vs_isolated": [
      0.9970431923866272,
      0.9887844920158386,
      0.9901142120361328,
      0.9939015507698059,
      0.9882884621620178,
      0.9924501180648804,
      0.9932664036750793,
      0.9953107237815857,
      0.9969866871833801,
      0.9938827157020569,
      0.9944298267364502,
      0.9934327602386475,
      0.991075336933136,
      0.9887035489082336,
      0.9840813875198364,
      0.9818158745765686,
      0.9832642078399658,
      0.9746201634407043,
      0.9790621995925903,
      0.9806115031242371,
      0.9819002747535706,
      0.9821326732635498,
      0.9802365303039551,
      0.9789285063743591,
      0.9727432131767273,
      0.7062567472457886
    ]
  },
  "pca_peak_layer": {
    "explained_variance_ratio": [
      0.23790307343006134,
      0.17225685715675354
    ],
    "points": [
      {
        "probe": "阳光很晴朗",
        "condition": "role_collapse",
        "pc1": -174.2673797607422,
        "pc2": -1471.995361328125
      },
      {
        "probe": "阳光很晴朗",
        "condition": "neutral_history",
        "pc1": 2210.064453125,
        "pc2": 603.5108642578125
      },
      {
        "probe": "阳光很晴朗",
        "condition": "isolated",
        "pc1": 1054.8270263671875,
        "pc2": 886.681640625
      },
      {
        "probe": "开头",
        "condition": "role_collapse",
        "pc1": 324.3313903808594,
        "pc2": -1065.3829345703125
      },
      {
        "probe": "开头",
        "condition": "neutral_history",
        "pc1": 1907.062744140625,
        "pc2": 813.7968139648438
      },
      {
        "probe": "开头",
        "condition": "isolated",
        "pc1": 603.1885375976562,
        "pc2": 1883.5401611328125
      },
      {
        "probe": "the death of people from the heavan",
        "condition": "role_collapse",
        "pc1": -1041.64990234375,
        "pc2": -1239.5723876953125
      },
      {
        "probe": "the death of people from the heavan",
        "condition": "neutral_history",
        "pc1": 917.7018432617188,
        "pc2": 177.74069213867188
      },
      {
        "probe": "the death of people from the heavan",
        "condition": "isolated",
        "pc1": -2732.07177734375,
        "pc2": 1330.966552734375
      },
      {
        "probe": "愤怒",
        "condition": "role_collapse",
        "pc1": -460.6969299316406,
        "pc2": -1563.905517578125
      },
      {
        "probe": "愤怒",
        "condition": "neutral_history",
        "pc1": 1772.668701171875,
        "pc2": 526.4237670898438
      },
      {
        "probe": "愤怒",
        "condition": "isolated",
        "pc1": -1079.12255859375,
        "pc2": 1676.76171875
      },
      {
        "probe": "who would exist until the end of day",
        "condition": "role_collapse",
        "pc1": -440.2507019042969,
        "pc2": -1644.3580322265625
      },
      {
        "probe": "who would exist until the end of day",
        "condition": "neutral_history",
        "pc1": 1035.3343505859375,
        "pc2": -155.0323028564453
      },
      {
        "probe": "who would exist until the end of day",
        "condition": "isolated",
        "pc1": -1745.1593017578125,
        "pc2": 936.7169799804688
      },
      {
        "probe": "new life?",
        "condition": "role_collapse",
        "pc1": -582.4212036132812,
        "pc2": -1764.4747314453125
      },
      {
        "probe": "new life?",
        "condition": "neutral_history",
        "pc1": 1594.0535888671875,
        "pc2": 252.7470245361328
      },
      {
        "probe": "new life?",
        "condition": "isolated",
        "pc1": -1888.8331298828125,
        "pc2": 795.6290893554688
      },
      {
        "probe": "future depends",
        "condition": "role_collapse",
        "pc1": -472.84381103515625,
        "pc2": -1949.4515380859375
      },
      {
        "probe": "future depends",
        "condition": "neutral_history",
        "pc1": 1313.239013671875,
        "pc2": -75.1536865234375
      },
      {
        "probe": "future depends",
        "condition": "isolated",
        "pc1": -2115.15234375,
        "pc2": 1044.81640625
      }
    ]
  }
}