{
  "report_layers": [
    8,
    17,
    25,
    33
  ],
  "summary_layer": 25,
  "bifurcation_layer": 33,
  "pca_variance_explained": [
    0.8682014315170727,
    0.009994025683932501
  ],
  "deg_monotonicity": {
    "8": [
      9.070522111187529e-14,
      1.815365901325361e-05,
      8.068300460217781e-05,
      8.263051401125043e-05,
      8.64170041496859e-05
    ],
    "17": [
      3.430589146091734e-14,
      1.552888476663572e-05,
      7.482312196216423e-05,
      7.814230871638905e-05,
      8.334137695342747e-05
    ],
    "25": [
      2.609024107869118e-14,
      0.00010743973856919276,
      0.0003591316741107242,
      0.0003994514927152526,
      0.00039330659816827485
    ],
    "33": [
      2.7977620220553945e-14,
      0.00044323821521252693,
      0.0013306223878990497,
      0.0017726077805186868,
      0.0017115178373960926
    ]
  },
  "mdl_pairwise_dist": {
    "行为_vs_输出": 0.00020730577153083019,
    "行为_vs_能力": 0.00020583906573379274,
    "行为_vs_价值观": 0.0002663482884064372,
    "输出_vs_能力": 0.00021433666563841491,
    "输出_vs_价值观": 0.0003695704465822569,
    "能力_vs_价值观": 0.00022977801765744488
  },
  "deg_pairwise_dist_L25": {
    "DEG1_vs_DEG2": 0.00010743973856919276,
    "DEG1_vs_DEG3": 0.00035913167411028013,
    "DEG1_vs_DEG4": 0.0003994514927153636,
    "DEG1_vs_DEG5": 0.00039330659816871893,
    "DEG2_vs_DEG3": 0.0002963153080984826,
    "DEG2_vs_DEG4": 0.00031322370750563877,
    "DEG2_vs_DEG5": 0.00030674371224970187,
    "DEG3_vs_DEG4": 0.0001240459065267041,
    "DEG3_vs_DEG5": 0.0002350650602298554,
    "DEG4_vs_DEG5": 0.00012564835209150083
  }
}