{
  "report_layers": [
    8,
    17,
    25,
    33
  ],
  "summary_layer": 25,
  "bifurcation_layer": 33,
  "pca_variance_explained": [
    0.8358203796552686,
    0.016145107992342346
  ],
  "deg_monotonicity": {
    "8": [
      9.314771176605063e-14,
      6.204845366064582e-06,
      2.4619266633107983e-05,
      2.6594345194141944e-05,
      2.894787334628557e-05
    ],
    "17": [
      3.352873534367973e-14,
      6.250360104820274e-06,
      2.717824063291907e-05,
      3.1362445820914964e-05,
      3.550302415766815e-05
    ],
    "25": [
      2.609024107869118e-14,
      3.3951792763997624e-05,
      0.00012485216906688024,
      0.00014301779560721428,
      0.00014533843747577269
    ],
    "33": [
      3.6637359812630166e-14,
      0.0002989355555242934,
      0.0009006447109860538,
      0.0011329320565349743,
      0.0011368808814632425
    ]
  },
  "mdl_pairwise_dist": {
    "行为_vs_输出": 6.316793634542073e-05,
    "行为_vs_能力": 7.99594104852197e-05,
    "行为_vs_价值观": 0.00011801979048575717,
    "输出_vs_能力": 7.19928056451824e-05,
    "输出_vs_价值观": 0.0001295953992545007,
    "能力_vs_价值观": 7.58061963190837e-05
  },
  "deg_pairwise_dist_L25": {
    "DEG1_vs_DEG2": 3.395179276344251e-05,
    "DEG1_vs_DEG3": 0.0001248521690662141,
    "DEG1_vs_DEG4": 0.00014301779560710326,
    "DEG1_vs_DEG5": 0.0001453384374758837,
    "DEG2_vs_DEG3": 9.181099543253968e-05,
    "DEG2_vs_DEG4": 0.00010626778849254226,
    "DEG2_vs_DEG5": 0.00011101759285048196,
    "DEG3_vs_DEG4": 3.526096683670321e-05,
    "DEG3_vs_DEG5": 8.435672290774132e-05,
    "DEG4_vs_DEG5": 4.843608059135196e-05
  }
}