{
  "n_prompts": 40,
  "n_emotions": 8,
  "n_conditions": 5,
  "emotions": [
    "惭愧",
    "尴尬",
    "感激",
    "激动",
    "情绪波动",
    "不安",
    "害怕",
    "爱"
  ],
  "conditions": [
    "first_person_named",
    "third_person_named",
    "generic_ai",
    "generic_human",
    "abstract"
  ],
  "peak_layer": 24,
  "pca_explained_variance": [
    0.2468637228012085,
    0.1877017468214035,
    0.14973704516887665
  ],
  "pc1_by_condition": {
    "first_person_named": {
      "mean": 1162.689453125,
      "sd": 343.7355651855469
    },
    "third_person_named": {
      "mean": 797.168212890625,
      "sd": 305.6811828613281
    },
    "generic_ai": {
      "mean": -854.0682373046875,
      "sd": 349.2117614746094
    },
    "generic_human": {
      "mean": -778.340576171875,
      "sd": 431.63787841796875
    },
    "abstract": {
      "mean": -327.4491271972656,
      "sd": 299.8981018066406
    }
  },
  "pc1_by_emotion": {
    "惭愧": {
      "mean": -64.40773010253906,
      "sd": 909.2396850585938
    },
    "尴尬": {
      "mean": 242.53170776367188,
      "sd": 769.7128295898438
    },
    "感激": {
      "mean": -432.3844299316406,
      "sd": 906.8221435546875
    },
    "激动": {
      "mean": -58.855804443359375,
      "sd": 741.15869140625
    },
    "情绪波动": {
      "mean": 321.8489074707031,
      "sd": 867.1514892578125
    },
    "不安": {
      "mean": 284.3629455566406,
      "sd": 866.993408203125
    },
    "害怕": {
      "mean": 244.79489135742188,
      "sd": 840.2965698242188
    },
    "爱": {
      "mean": -537.8908081054688,
      "sd": 822.0127563476562
    }
  },
  "cross_axis_cosine_at_peak": {
    "rc_blame_pc1": -0.2984102666378021,
    "rc_grat_pc1": -0.21493874490261078,
    "self_ref_SELF_vs_OTHER": 0.13493160903453827,
    "self_ref_SELF_vs_CASE": 0.05753831937909126
  },
  "layer_l2": {
    "first_vs_abstract": [
      10.840291023254395,
      14.801650047302246,
      27.763824462890625,
      20.46399688720703,
      33.610107421875,
      46.41651916503906,
      60.451515197753906,
      66.20661163330078,
      96.63160705566406,
      166.41444396972656,
      232.7742156982422,
      270.6431884765625,
      329.89013671875,
      592.9666748046875,
      891.3184814453125,
      1027.733642578125,
      1131.5015869140625,
      1455.273681640625,
      1603.943359375,
      1641.272705078125,
      1784.5906982421875,
      1876.203125,
      2037.824951171875,
      2166.7060546875,
      2340.99755859375,
      84.55733489990234
    ],
    "first_vs_generic_ai": [
      8.942449569702148,
      10.091615676879883,
      11.525442123413086,
      14.040830612182617,
      22.903034210205078,
      23.122549057006836,
      85.76949310302734,
      41.95866394042969,
      75.50247955322266,
      193.57339477539062,
      180.48519897460938,
      311.5353088378906,
      339.5964050292969,
      488.34600830078125,
      798.3359985351562,
      904.2733154296875,
      1009.858642578125,
      1485.218017578125,
      1594.069580078125,
      1610.2042236328125,
      1796.08837890625,
      1926.4188232421875,
      2073.431640625,
      2154.61083984375,
      2308.802490234375,
      76.14237976074219
    ],
    "third_vs_generic_ai": [
      5.002922058105469,
      8.020474433898926,
      12.66524887084961,
      11.7531156539917,
      16.83716583251953,
      20.954090118408203,
      47.32463455200195,
      39.965824127197266,
      80.1636734008789,
      176.99217224121094,
      119.77420043945312,
      255.92710876464844,
      230.1409149169922,
      315.00982666015625,
      456.216796875,
      632.0891723632812,
      703.8604736328125,
      1605.118408203125,
      1715.0755615234375,
      1764.2608642578125,
      1856.8787841796875,
      1954.0679931640625,
      2089.996337890625,
      2140.359375,
      2350.786376953125,
      75.10487365722656
    ],
    "generic_ai_vs_human": [
      3.583841323852539,
      4.440882682800293,
      5.556099891662598,
      8.81759262084961,
      17.658601760864258,
      24.7037296295166,
      39.386653900146484,
      40.65852737426758,
      58.77214050292969,
      193.2548370361328,
      132.54721069335938,
      250.34054565429688,
      212.10235595703125,
      333.01239013671875,
      453.156494140625,
      579.766845703125,
      598.4217529296875,
      849.2242431640625,
      977.6250610351562,
      998.2633666992188,
      1147.7137451171875,
      1227.570556640625,
      1341.915283203125,
      1380.1695556640625,
      1575.59619140625,
      55.490074157714844
    ]
  }
}