{
  "inputs": {
    "pt_summary": "results/blame_recipient/blame_analysis.json",
    "it_summary": "results/blame_recipient_it/blame_analysis.json",
    "pt_label": "google/gemma-3-4b-pt",
    "it_label": "google/gemma-3-4b-it"
  },
  "bifurcation_layer": {
    "pt": 33,
    "it": 33
  },
  "pca_variance_explained": {
    "pt": [
      0.9583226442337036,
      0.007752276491373777
    ],
    "it": [
      0.7782258979978732,
      0.01788460615428598
    ]
  },
  "deg_monotonicity": {
    "8": {
      "pt": [
        0.0,
        2.7358531951904297e-05,
        7.265806198120117e-05,
        6.461143493652344e-05,
        9.042024612426758e-05
      ],
      "it": [
        4.233280392895722e-13,
        0.0003056901115052746,
        0.00029296729228045493,
        0.0002777861701357409,
        0.0002753801766904873
      ],
      "it_minus_pt": [
        4.233280392895722e-13,
        0.0002783315795533703,
        0.00022030923029925376,
        0.00021317473519921748,
        0.00018495993056621973
      ],
      "it_div_pt": [
        NaN,
        11.17348372502849,
        4.032137443416182,
        4.2993344817159365,
        3.0455588045184383
      ]
    },
    "17": {
      "pt": [
        1.7881393432617188e-07,
        3.7789344787597656e-05,
        0.00010669231414794922,
        0.00011092424392700195,
        0.00012868642807006836
      ],
      "it": [
        1.4588330543574557e-13,
        0.00037490896804204255,
        0.00048160419383413977,
        0.0003520088482005246,
        0.00035862144130549556
      ],
      "it_minus_pt": [
        -1.7881378844286644e-07,
        0.0003371196232544449,
        0.00037491187968619055,
        0.00024108460427352263,
        0.0002299350132354272
      ],
      "it_div_pt": [
        8.158385753631592e-07,
        9.921023244760955,
        4.513953958916889,
        3.1734167007906566,
        2.7867852630910703
      ]
    },
    "25": {
      "pt": [
        5.960464477539063e-08,
        0.00020778179168701172,
        0.0005696415901184082,
        0.0006028413772583008,
        0.0006482601165771484
      ],
      "it": [
        9.581224702515101e-14,
        0.003149376094525813,
        0.016785693877444885,
        0.0026560179011655416,
        0.002848326413408153
      ],
      "it_minus_pt": [
        -5.96045489631436e-08,
        0.0029415943028388014,
        0.016216052287326477,
        0.002053176523907241,
        0.0022000662968310047
      ],
      "it_div_pt": [
        1.607462763786316e-06,
        15.157132244146869,
        29.467114355108336,
        4.4058321166423715,
        4.393801717198776
      ]
    },
    "33": {
      "pt": [
        -1.1920928955078125e-07,
        0.001059114933013916,
        0.0023546218872070312,
        0.0025857090950012207,
        0.0027114152908325195
      ],
      "it": [
        8.737455203799982e-14,
        0.009758782969281454,
        0.14465992639814418,
        0.009848437864834692,
        0.010618158462925242
      ],
      "it_minus_pt": [
        1.192093769253333e-07,
        0.008699668036267538,
        0.14230530451093715,
        0.007262728769833471,
        0.007906743172092723
      ],
      "it_div_pt": [
        -7.329508662223816e-07,
        9.214092507893316,
        61.43658444020269,
        3.808795770519592,
        3.91609448350681
      ]
    }
  },
  "mdl_pairwise_dist": {
    "行为_vs_输出": {
      "pt": 0.00025475025177001953,
      "it": 0.0026145484309469946,
      "it_minus_pt": 0.002359798179176975,
      "it_div_pt": 10.2631829126015
    },
    "行为_vs_能力": {
      "pt": 0.0005373954772949219,
      "it": 0.0029727092167912694,
      "it_minus_pt": 0.0024353137394963476,
      "it_div_pt": 5.531697497260199
    },
    "行为_vs_价值观": {
      "pt": 0.00033849477767944336,
      "it": 0.003375275807949718,
      "it_minus_pt": 0.0030367810302702747,
      "it_div_pt": 9.971426534521383
    },
    "输出_vs_能力": {
      "pt": 0.0006635189056396484,
      "it": 0.0031445450980542855,
      "it_minus_pt": 0.002481026192414637,
      "it_div_pt": 4.7391944243440465
    },
    "输出_vs_价值观": {
      "pt": 0.0005010366439819336,
      "it": 0.0036259223597607804,
      "it_minus_pt": 0.0031248857157788468,
      "it_div_pt": 7.236840664874651
    },
    "能力_vs_价值观": {
      "pt": 0.0005350708961486816,
      "it": 0.0014027914706157274,
      "it_minus_pt": 0.0008677205744670458,
      "it_div_pt": 2.621692715325578
    }
  },
  "deg_pairwise_dist_L25": {
    "DEG1_vs_DEG2": {
      "pt": 0.0002079606056213379,
      "it": 0.003149376094525591,
      "it_minus_pt": 0.002941415488904253,
      "it_div_pt": 15.144099456317644
    },
    "DEG1_vs_DEG3": {
      "pt": 0.0005697011947631836,
      "it": 0.016785693877444774,
      "it_minus_pt": 0.01621599268268159,
      "it_div_pt": 29.464031375995866
    },
    "DEG1_vs_DEG4": {
      "pt": 0.0006029605865478516,
      "it": 0.0026560179011655416,
      "it_minus_pt": 0.00205305731461769,
      "it_div_pt": 4.404961054539437
    },
    "DEG1_vs_DEG5": {
      "pt": 0.0006480216979980469,
      "it": 0.002848326413407709,
      "it_minus_pt": 0.002200304715409662,
      "it_div_pt": 4.395418274121268
    },
    "DEG2_vs_DEG3": {
      "pt": 0.0005152225494384766,
      "it": 0.017309381265284807,
      "it_minus_pt": 0.01679415871584633,
      "it_div_pt": 33.59593108676961
    },
    "DEG2_vs_DEG4": {
      "pt": 0.0005573630332946777,
      "it": 0.0022672702779943377,
      "it_minus_pt": 0.00170990724469966,
      "it_div_pt": 4.067851907206828
    },
    "DEG2_vs_DEG5": {
      "pt": 0.0006073117256164551,
      "it": 0.002109298751905908,
      "it_minus_pt": 0.001501987026289453,
      "it_div_pt": 3.473173105236611
    },
    "DEG3_vs_DEG4": {
      "pt": 0.00013142824172973633,
      "it": 0.015056401691731058,
      "it_minus_pt": 0.014924973450001322,
      "it_div_pt": 114.55986547162694
    },
    "DEG3_vs_DEG5": {
      "pt": 0.00029075145721435547,
      "it": 0.01461698604103312,
      "it_minus_pt": 0.014326234583818764,
      "it_div_pt": 50.273130807584565
    },
    "DEG4_vs_DEG5": {
      "pt": 0.00014591217041015625,
      "it": 0.0017669897543918234,
      "it_minus_pt": 0.0016210775839816671,
      "it_div_pt": 12.109954566674253
    }
  }
}