{
  "PT": {
    "1": {
      "mean_by_layer": [
        -16.788906817384632,
        -18.225453901869027,
        -20.255332748782784,
        -27.912853997584882,
        -55.02924497997017,
        -84.25512448147484,
        -101.66309430224081,
        -116.14284481324745,
        -126.35220313708587,
        -157.13514402100915,
        -154.51863861167138,
        -195.5952420406766,
        -224.97844596696967,
        -252.16957775248204,
        -256.0333939776506,
        -265.07396436554166,
        -255.00400007965763,
        -304.4933971356492,
        -576.0832724460942,
        -584.8498566065991,
        -281.76680314383566,
        -598.7948547241222,
        -261.15250235047904,
        -273.977779956259,
        -263.0652633777819,
        -307.6921992141854,
        -358.78012572022453,
        -356.595948597846,
        -365.12520047998106,
        -378.1704810621313,
        -382.03051352453906,
        -330.4474236344786,
        -305.05143151710695,
        -272.93392959339326
      ],
      "sem_by_layer": [
        5.0555918862331355,
        6.315840994155035,
        7.612774889719794,
        9.52332995566999,
        14.602313443184713,
        21.984702027486932,
        25.95644978886882,
        29.605174021948454,
        32.43141722185345,
        41.147825499304105,
        43.73058372298638,
        52.22088540500355,
        57.83520509773081,
        64.42878331600785,
        67.39453276641315,
        70.54883130876887,
        70.67244067070371,
        81.63433923305888,
        144.3479501980032,
        147.68427081010392,
        84.65223932387269,
        154.6821654421626,
        80.64779053663104,
        86.86392040207384,
        86.26509462415333,
        106.6076416865396,
        133.13859296273682,
        131.51782066417795,
        133.63824185461635,
        138.50332863051935,
        136.2285401743912,
        118.6443077483671,
        111.22972414110987,
        96.94990237598664
      ]
    },
    "2": {
      "mean_by_layer": [
        -15.768099783759546,
        -12.03201660534681,
        -15.218748688029656,
        -19.67393335885854,
        -43.643168612878185,
        -64.20959475607515,
        -75.1319226341804,
        -175.96455838122526,
        -91.8109376565697,
        -236.5499823089371,
        -124.78726393095411,
        -178.53565639181863,
        -543.1683012747083,
        -214.72612243141657,
        -241.96535821170903,
        -505.06067161468826,
        -255.01474012232626,
        -269.6784207000735,
        -270.1941611417828,
        -271.1709626024464,
        -263.513393907494,
        -269.9294474437969,
        -256.3118927986621,
        -282.11634614573416,
        -275.1668628884942,
        -263.7479363234087,
        -259.9519744968159,
        -262.32967433294033,
        -281.5415156365221,
        -292.9264361115996,
        -311.6847440224943,
        -270.6084978045657,
        -263.17492913887395,
        -233.9799127392261
      ],
      "sem_by_layer": [
        5.221055121679395,
        4.529573474956006,
        5.328029076488248,
        6.538324392962782,
        12.843896450807906,
        17.91069255761527,
        20.442022217190146,
        45.280426588646954,
        21.9357052819759,
        62.3658042001133,
        32.1298322926922,
        41.745922788845974,
        103.84386410482988,
        48.31893046991832,
        61.86983655474985,
        122.12570286782443,
        76.41275064195356,
        86.70505819652371,
        89.30605659210599,
        90.32289233600108,
        89.37235332837521,
        89.28192403926265,
        86.72932356193833,
        90.41107706307939,
        90.43730006644134,
        88.45786912758368,
        90.25862790830686,
        93.61896957671618,
        104.25138992531504,
        109.79277984416788,
        110.84128169897589,
        99.23589371757333,
        99.28094085782114,
        95.20486951760343
      ]
    },
    "3": {
      "mean_by_layer": [
        -17.451885872080844,
        -14.428419570916509,
        -21.199164617248858,
        -28.726502208760053,
        -66.14870351404102,
        -97.26352794421425,
        -115.29216789665304,
        -219.4484381172007,
        -241.0913838323734,
        -183.18082003133247,
        -181.9019410960388,
        -210.12002349616964,
        -239.01115222978098,
        -264.5225141455853,
        -292.4127087745781,
        -295.35264389108045,
        -278.30599400602125,
        -285.75443264316516,
        -270.6850048767414,
        -260.99606372370624,
        -249.12598017726856,
        -256.71234440879755,
        -247.78475069019538,
        -263.59965504915584,
        -244.05461724194618,
        -229.7802906736145,
        -209.87114963979047,
        -195.00619482235268,
        -185.97584972968687,
        -182.11021867988765,
        -179.46630844058117,
        -128.3265311810877,
        -109.45927473265654,
        -81.79743159982974
      ],
      "sem_by_layer": [
        1.0394951825347631,
        1.213695347288769,
        1.6600970674771733,
        2.135569178275722,
        4.400879353615616,
        5.788354573339701,
        6.703249240346954,
        33.28458297261084,
        40.536829536724674,
        9.616942589356718,
        8.9470134879046,
        10.551738041105033,
        11.12636745042721,
        12.044565025768957,
        13.737016890680875,
        14.071761072219504,
        13.643221389144017,
        14.942676392698042,
        14.704100343333526,
        14.39932368432025,
        14.5376696654102,
        14.818836136984716,
        15.26727767160019,
        16.776349930354183,
        16.717833205594612,
        16.412121631472544,
        16.629450806741602,
        15.9855194743721,
        13.513957436909022,
        13.903141955904742,
        15.352233229625057,
        12.102521151571553,
        12.956456236407073,
        15.096431630864657
      ]
    },
    "4": {
      "mean_by_layer": [
        -17.536747141655265,
        -14.45513704534734,
        -21.3966227241769,
        -28.559789931159454,
        -66.21120585519992,
        -96.52972877407583,
        -114.18595571607148,
        -137.80689332593337,
        -144.4528089555812,
        -181.2265685011493,
        -171.3328933420816,
        -208.93437750907148,
        -235.0641960176863,
        -260.15150193206614,
        -284.8482792755515,
        -289.0427574802089,
        -272.9439536260059,
        -282.124670936406,
        -268.20619527421087,
        -260.876503965793,
        -250.7315365579313,
        -258.95686393027694,
        -248.59487315106844,
        -271.523431882091,
        -604.8396184642138,
        -245.07439914243395,
        -619.2094628233347,
        -216.5912838901986,
        -645.8055505210386,
        -196.8995483185426,
        -663.2377151125163,
        -592.3311042039844,
        -138.3954769957457,
        -129.81218795781436
      ],
      "sem_by_layer": [
        1.0334255444357041,
        1.2141518107805735,
        1.6559552861502125,
        2.178057226172133,
        4.303121356640237,
        6.115961123073947,
        7.077768705064019,
        8.675435576339167,
        8.800475319218712,
        10.702828128306763,
        10.794595174379193,
        11.915497467093445,
        12.533953255146105,
        13.904311385594955,
        16.28734907778417,
        16.197074008199568,
        15.376836111924975,
        16.210806936625847,
        15.761282146964168,
        15.113723839581864,
        14.751557801749943,
        14.826743684194296,
        14.870904847884084,
        15.53680377330211,
        156.58488169428063,
        14.124544415442614,
        174.04479684818372,
        13.392382047817625,
        201.54515764708793,
        12.528405705428545,
        208.8149220055663,
        199.72244858500775,
        12.081014435412204,
        15.689105668046103
      ]
    },