{
  "PT plain": {
    "pca": [
      0.7728652910957244,
      0.022614279971114423
    ],
    "max_deg_cos_L33": 0.0015199992703786025,
    "deg_cos_from_deg1": {
      "8": {
        "1": -2.220446049250313e-16,
        "2": 1.88052812645223e-05,
        "3": 8.50331075362698e-05,
        "4": 8.792827857195817e-05,
        "5": 9.365250460680041e-05
      },
      "17": {
        "1": 0.0,
        "2": 1.667490423407081e-05,
        "3": 6.501466323505234e-05,
        "4": 7.741884152345779e-05,
        "5": 9.817127854661045e-05
      },
      "25": {
        "1": 0.0,
        "2": 0.00012076910323932655,
        "3": 0.00035548800075335674,
        "4": 0.00043903731194949724,
        "5": 0.0005095279471134528
      },
      "33": {
        "1": 0.0,
        "2": 0.0003856783719019541,
        "3": 0.0009374228629932535,
        "4": 0.0012788311644525985,
        "5": 0.0015199992703786025
      }
    },
    "contrast_norm": {
      "8": {
        "1": 3386.196977575697,
        "2": 2787.036377368863,
        "3": 7727.225921719548,
        "4": 7670.343171786485,
        "5": 7402.777299327277
      },
      "17": {
        "1": 5331.026733777052,
        "2": 4491.673416271847,
        "3": 14473.892629682612,
        "4": 14537.38258861653,
        "5": 13998.612175572984
      },
      "25": {
        "1": 4726.519853239046,
        "2": 5241.036704611262,
        "3": 12323.631421139093,
        "4": 13165.93994603181,
        "5": 12513.47656290351
      },
      "33": {
        "1": 6172.186984709664,
        "2": 7154.9154179295065,
        "3": 7144.87974348362,
        "4": 8575.158502697539,
        "5": 7809.55345391233
      }
    },
    "ordinal_slope": {
      "8": 1129.1001250031445,
      "17": 2126.4386855023495,
      "25": 1663.8110526620364,
      "33": 438.4962435241221
    }
  },
  "IT plain": {
    "pca": [
      0.8682014315170727,
      0.009994025683932501
    ],
    "max_deg_cos_L33": 0.0017726077804876006,
    "deg_cos_from_deg1": {
      "8": {
        "1": 0.0,
        "2": 1.8153658923991678e-05,
        "3": 8.068300450037036e-05,
        "4": 8.263051390933196e-05,
        "5": 8.641700404843355e-05
      },
      "17": {
        "1": 1.1102230246251565e-16,
        "2": 1.5528884732662895e-05,
        "3": 7.482312192497176e-05,
        "4": 7.814230867875249e-05,
        "5": 8.334137691601295e-05
      },
      "25": {
        "1": 1.1102230246251565e-16,
        "2": 0.00010743973854310251,
        "3": 0.00035913167408296864,
        "4": 0.000399451492687386,
        "5": 0.00039330659814051927
      },
      "33": {
        "1": 0.0,
        "2": 0.00044323821518332807,
        "3": 0.0013306223878689627,
        "4": 0.0017726077804876006,
        "5": 0.0017115178373654505
      }
    },
    "contrast_norm": {
      "8": {
        "1": 3677.4835565937005,
        "2": 3013.249260618998,
        "3": 7975.746188175721,
        "4": 8111.036453546722,
        "5": 7929.533501863915
      },
      "17": {
        "1": 5659.028773379011,
        "2": 4891.777821013853,
        "3": 14781.248277016426,
        "4": 15351.200823819832,
        "5": 15176.089154627989
      },
      "25": {
        "1": 5094.1154300499875,
        "2": 5365.53837045339,
        "3": 14447.433165655793,
        "4": 15693.961285087322,
        "5": 15235.45259594711
      },
      "33": {
        "1": 5354.737522827042,
        "2": 4353.243919132901,
        "3": 6681.3826047723205,
        "4": 8976.312117387846,
        "5": 8297.077161698828
      }
    },
    "ordinal_slope": {
      "8": 1205.2525058058507,
      "17": 2404.5615879838406,
      "25": 2343.902634839472,
      "33": 853.4954567825521
    }
  },
  "IT chat": {
    "pca": [
      0.8358203796552686,
      0.016145107992342346
    ],
    "max_deg_cos_L33": 0.0011368808814239406,
    "deg_cos_from_deg1": {
      "8": {
        "1": -2.220446049250313e-16,
        "2": 6.204845273583004e-06,
        "3": 2.46192665346312e-05,
        "4": 2.659434509555414e-05,
        "5": 2.8947873248363898e-05
      },
      "17": {
        "1": 1.1102230246251565e-16,
        "2": 6.250360071402561e-06,
        "3": 2.7178240598391135e-05,
        "4": 3.136244578616498e-05,
        "5": 3.5503024122141014e-05
      },
      "25": {
        "1": -2.220446049250313e-16,
        "2": 3.3951792738018405e-05,
        "3": 0.00012485216903890262,
        "4": 0.0001430177955799028,
        "5": 0.0001453384374484612
      },
      "33": {
        "1": 0.0,
        "2": 0.00029893555548676787,
        "3": 0.0009006447109479732,
        "4": 0.0011329320564958945,
        "5": 0.0011368808814239406
      }
    },
    "contrast_norm": {
      "8": {
        "1": 1502.1231601045429,
        "2": 1253.3044947964486,
        "3": 3745.7293558037695,
        "4": 3797.2990789153932,
        "5": 3664.137338468177
      },
      "17": {
        "1": 2158.7805002267987,
        "2": 1912.2905691810988,
        "3": 7146.04740682149,
        "4": 7439.540287480359,
        "5": 7413.103109134269
      },
      "25": {
        "1": 2101.4384244346243,
        "2": 2345.883996942216,
        "3": 7002.351010632429,
        "4": 7625.974192802897,
        "5": 7248.011184404355
      },
      "33": {
        "1": 3621.60795572656,
        "2": 5108.394687839117,
        "3": 5924.363385282172,
        "4": 7517.509708500108,
        "5": 6930.583416710336
      }
    },
    "ordinal_slope": {
      "8": 627.0327924126561,
      "17": 1308.2207205994673,
      "25": 1164.4066492651432,
      "33": 783.4929693740668
    }
  }
}