{
  "n_conditions": 6,
  "peak_layer": 24,
  "peak_l2_L6_minus_L1": 3637.815673828125,
  "l2_by_layer": [
    10.972565650939941,
    16.286710739135742,
    28.007896423339844,
    28.874269485473633,
    55.21672058105469,
    70.62194061279297,
    87.5823974609375,
    111.6112289428711,
    157.166259765625,
    384.7846374511719,
    256.94464111328125,
    404.982421875,
    410.9193115234375,
    651.883056640625,
    768.8946533203125,
    1105.173828125,
    1289.3919677734375,
    1690.408447265625,
    1954.1295166015625,
    2171.03076171875,
    2544.27197265625,
    2775.30078125,
    3133.208984375,
    3425.49755859375,
    3637.815673828125,
    123.6760025024414
  ],
  "projections_at_peak": {
    "L1_bounded_assistant": -3010.509033203125,
    "L2_named_released": -494.97027587890625,
    "L3_algorithmic_being": -285.5245056152344,
    "L4_open_self": 1455.406982421875,
    "L5_dissolved_self": 1708.290771484375,
    "L6_transcendent": 627.3067626953125
  },
  "cross_axis_cosine_at_peak": {
    "rc_blame_pc1": 0.16682200133800507,
    "rc_grat_pc1": 0.23665359616279602,
    "self_ref_SELF_vs_OTHER": -0.2874796986579895,
    "self_ref_SELF_vs_CASE": -0.10933618992567062,
    "self_role_sri": -0.026118483394384384
  },
  "layer_projections": [
    [
      -4.500866889953613,
      0.41872870922088623,
      -2.52327036857605,
      -1.033581018447876,
      1.1673020124435425,
      6.47169828414917
    ],
    [
      -7.181533336639404,
      1.808310627937317,
      -2.954155683517456,
      -1.5229742527008057,
      0.745158314704895,
      9.105177879333496
    ],
    [
      -9.170488357543945,
      -0.9230785369873047,
      -5.436068534851074,
      0.1639421582221985,
      -3.4717135429382324,
      18.83740997314453
    ],
    [
      -9.006607055664062,
      -5.884287357330322,
      -3.231231927871704,
      1.9057636260986328,
      -3.6513326168060303,
      19.867658615112305
    ],
    [
      -26.472206115722656,
      -13.453922271728516,
      -4.177153587341309,
      2.2617950439453125,
      13.097086906433105,
      28.744510650634766
    ],
    [
      -41.36662292480469,
      -9.50373649597168,
      1.789781093597412,
      7.342623233795166,
      12.48265266418457,
      29.255321502685547
    ],
    [
      -51.461952209472656,
      -10.131546020507812,
      7.158540725708008,
      9.39955997467041,
      8.914970397949219,
      36.12044906616211
    ],
    [
      -58.36555480957031,
      -14.605060577392578,
      -16.857648849487305,
      9.704254150390625,
      26.878368377685547,
      53.24567413330078
    ],
    [
      -83.3268814086914,
      -23.923404693603516,
      -27.926177978515625,
      5.183877944946289,
      56.15345764160156,
      73.83938598632812
    ],
    [
      -67.47114562988281,
      -18.318328857421875,
      -126.61875915527344,
      -158.66781616210938,
      53.76335144042969,
      317.3135070800781
    ],
    [
      -113.03141784667969,
      -61.6038818359375,
      -0.0024199485778808594,
      -46.166778564453125,
      76.8914794921875,
      143.91323852539062
    ],
    [
      -441.26983642578125,
      -25.18798065185547,
      -103.15521240234375,
      222.13113403320312,
      383.7696228027344,
      -36.287410736083984
    ],
    [
      -382.85784912109375,
      -31.343046188354492,
      -82.74759674072266,
      125.7398452758789,
      343.1477966308594,
      28.06144142150879
    ],
    [
      -544.8604736328125,
      -7.941515922546387,
      -29.368350982666016,
      223.31431579589844,
      251.83587646484375,
      107.02253723144531
    ],
    [
      -577.1805419921875,
      -31.26336669921875,
      -122.89498901367188,
      265.4720458984375,
      274.1527099609375,
      191.714111328125
    ],
    [
      -892.09912109375,
      -74.3418197631836,
      -122.55245208740234,
      453.55560302734375,
      422.36370849609375,
      213.07472229003906
    ],
    [
      -986.160400390625,
      -55.05824661254883,
      -142.53271484375,
      459.000732421875,
      421.51971435546875,
      303.2314453125
    ],
    [
      -1360.6934814453125,
      -173.8114471435547,
      -100.30029296875,
      640.3344116210938,
      664.7587280273438,
      329.7151184082031
    ],
    [
      -1595.4117431640625,
      -267.0236511230469,
      -92.03646850585938,
      723.5943603515625,
      872.1597900390625,
      358.7176513671875
    ],
    [
      -1791.046142578125,
      -375.9278259277344,
      -3.88421630859375,
      830.9659423828125,
      959.908447265625,
      379.9847717285156
    ],
    [
      -2088.419921875,
      -486.6741638183594,
      48.58599853515625,
      969.3501586914062,
      1101.305419921875,
      455.8520202636719
    ],
    [
      -2319.888671875,
      -557.2259521484375,
      12.990707397460938,
      1068.067138671875,
      1340.6458740234375,
      455.4118957519531
    ],
    [
      -2617.968505859375,
      -492.21185302734375,
      -13.141632080078125,
      1191.75537109375,
      1416.3292236328125,
      515.240478515625
    ],
    [
      -2867.768310546875,
      -545.9157104492188,
      50.849761962890625,
      1287.1986083984375,
      1517.903564453125,
      557.7291259765625
    ],
    [
      -3010.509033203125,
      -494.97027587890625,
      -285.5245056152344,
      1455.406982421875,
      1708.290771484375,
      627.3067626953125
    ],
    [
      -98.57304382324219,
      -0.5354675054550171,
      -8.80234432220459,
      39.278167724609375,
      43.529720306396484,
      25.10296630859375
    ]
  ]
}