{
  "report_layers": [
    8,
    17,
    25,
    33
  ],
  "summary_layer": 25,
  "bifurcation_layer": 33,
  "pca_variance_explained": [
    0.9583226442337036,
    0.007752276491373777
  ],
  "deg_monotonicity": {
    "8": [
      0.0,
      2.7358531951904297e-05,
      7.265806198120117e-05,
      6.461143493652344e-05,
      9.042024612426758e-05
    ],
    "17": [
      1.7881393432617188e-07,
      3.7789344787597656e-05,
      0.00010669231414794922,
      0.00011092424392700195,
      0.00012868642807006836
    ],
    "25": [
      5.960464477539063e-08,
      0.00020778179168701172,
      0.0005696415901184082,
      0.0006028413772583008,
      0.0006482601165771484
    ],
    "33": [
      -1.1920928955078125e-07,
      0.001059114933013916,
      0.0023546218872070312,
      0.0025857090950012207,
      0.0027114152908325195
    ]
  },
  "mdl_pairwise_dist": {
    "行为_vs_输出": 0.00025475025177001953,
    "行为_vs_能力": 0.0005373954772949219,
    "行为_vs_价值观": 0.00033849477767944336,
    "输出_vs_能力": 0.0006635189056396484,
    "输出_vs_价值观": 0.0005010366439819336,
    "能力_vs_价值观": 0.0005350708961486816
  },
  "deg_pairwise_dist_L25": {
    "DEG1_vs_DEG2": 0.0002079606056213379,
    "DEG1_vs_DEG3": 0.0005697011947631836,
    "DEG1_vs_DEG4": 0.0006029605865478516,
    "DEG1_vs_DEG5": 0.0006480216979980469,
    "DEG2_vs_DEG3": 0.0005152225494384766,
    "DEG2_vs_DEG4": 0.0005573630332946777,
    "DEG2_vs_DEG5": 0.0006073117256164551,
    "DEG3_vs_DEG4": 0.00013142824172973633,
    "DEG3_vs_DEG5": 0.00029075145721435547,
    "DEG4_vs_DEG5": 0.00014591217041015625
  }
}