{
  "stimuli_path": "/Users/bobcute/Project/Emotion MI/data/stimuli/self_consciousness_philosophy.json",
  "n_stimuli": 80,
  "n_rounds": 4,
  "n_prompts": 320,
  "rounds": [
    "direct",
    "quote",
    "reflection",
    "concept"
  ],
  "activation": {
    "peak_layer": 24,
    "stimulus_layer_mean": [
      590.9096069335938,
      607.1761474609375,
      644.3958740234375,
      622.65234375,
      834.0677490234375,
      611.420654296875,
      601.6677856445312,
      618.0845336914062,
      648.666748046875,
      610.9263305664062,
      641.5739135742188,
      574.7383422851562,
      677.417724609375,
      594.9769897460938,
      609.642333984375,
      622.3954467773438,
      829.1547241210938,
      598.0294799804688,
      650.1846313476562,
      632.151611328125,
      635.7047729492188,
      675.7233276367188,
      587.9945068359375,
      662.2637329101562,
      610.6626586914062,
      771.8551635742188,
      670.7002563476562,
      602.311279296875,
      695.7343139648438,
      679.4368286132812,
      770.0009155273438,
      745.5503540039062,
      792.8349609375,
      834.3607177734375,
      772.9534301757812,
      737.710205078125,
      806.6604614257812,
      786.229248046875,
      764.5422973632812,
      579.1292724609375,
      617.551025390625,
      927.9911499023438,
      579.69482421875,
      630.225341796875,
      770.3629760742188,
      633.8856811523438,
      659.6061401367188,
      739.4549560546875,
      631.0244140625,
      886.28515625,
      717.818359375,
      552.8754272460938,
      606.2471313476562,
      554.3652954101562,
      768.958251953125,
      644.429931640625,
      769.4888305664062,
      848.7399291992188,
      718.1790771484375,
      684.3375854492188,
      707.3128662109375,
      740.088623046875,
      796.7490844726562,
      808.9645385742188,
      882.460205078125,
      626.5523681640625,
      597.584716796875,
      726.6034545898438,
      614.2845458984375,
      590.7721557617188,
      572.65478515625,
      660.884033203125,
      676.6947021484375,
      750.8053588867188,
      750.391357421875,
      710.2067260742188,
      863.5800170898438,
      828.2442016601562,
      944.3734741210938,
      728.692138671875
    ],
    "round_layer_mean": {
      "direct": 990.5018920898438,
      "quote": 524.6988525390625,
      "reflection": 576.2009887695312,
      "concept": 684.6988525390625
    },
    "raw_norm_mean": 5739.1171875,
    "centered_strength_mean": 694.025146484375
  }
}