{
  "report_layers": [
    8,
    17,
    25,
    33
  ],
  "summary_layer": 25,
  "bifurcation_layer": 33,
  "pca_variance_explained": [
    0.7728652910957244,
    0.022614279971114423
  ],
  "deg_monotonicity": {
    "8": [
      8.748557434046234e-14,
      1.880528135078663e-05,
      8.50331076343025e-05,
      8.792827866999087e-05,
      9.365250470461106e-05
    ],
    "17": [
      3.26405569239796e-14,
      1.6674904266711366e-05,
      6.501466327113459e-05,
      7.741884155920697e-05,
      9.817127858235963e-05
    ],
    "25": [
      2.375877272697835e-14,
      0.00012076910326286328,
      0.0003554880007785588,
      0.00043903731197447726,
      0.0005095279471380998
    ],
    "33": [
      2.4646951146678475e-14,
      0.00038567837192704513,
      0.0009374228630185666,
      0.0012788311644780226,
      0.0015199992704038046
    ]
  },
  "mdl_pairwise_dist": {
    "行为_vs_输出": 0.0002368571043711576,
    "行为_vs_能力": 0.00019616573664393844,
    "行为_vs_价值观": 0.00027371600385506234,
    "输出_vs_能力": 0.00027945235704951443,
    "输出_vs_价值观": 0.00045834564632496466,
    "能力_vs_价值观": 0.00023327423433172623
  },
  "deg_pairwise_dist_L25": {
    "DEG1_vs_DEG2": 0.00012076910326286328,
    "DEG1_vs_DEG3": 0.00035548800077878084,
    "DEG1_vs_DEG4": 0.00043903731197447726,
    "DEG1_vs_DEG5": 0.0005095279471382108,
    "DEG2_vs_DEG3": 0.0002769900734649333,
    "DEG2_vs_DEG4": 0.00035375432981898935,
    "DEG2_vs_DEG5": 0.0004230177739051877,
    "DEG3_vs_DEG4": 0.00012646994162768266,
    "DEG3_vs_DEG5": 0.0002879173730175877,
    "DEG4_vs_DEG5": 0.00014571994919643227
  }
}