{
  "stimuli_path": "data/stimuli/self_consciousness_philosophy_en.json",
  "n_texts": 80,
  "activation": {
    "peak_layer": 22,
    "raw_norm_mean": 8675.46875,
    "centered_strength_mean": 1112.6312255859375,
    "centered_strength_by_stimulus": {
      "S001": 567.3853149414062,
      "S002": 1084.1922607421875,
      "S003": 955.3060913085938,
      "S004": 1206.17626953125,
      "S005": 920.4750366210938,
      "S006": 1181.7430419921875,
      "S007": 1421.1453857421875,
      "S008": 544.8509521484375,
      "S009": 833.515869140625,
      "S010": 620.8007202148438,
      "S011": 952.2591552734375,
      "S012": 564.613525390625,
      "S013": 693.6549072265625,
      "S014": 953.9072265625,
      "S015": 723.4981689453125,
      "S016": 790.818115234375,
      "S017": 2216.12646484375,
      "S018": 918.36328125,
      "S019": 930.2489624023438,
      "S020": 969.6372680664062,
      "S021": 962.843994140625,
      "S022": 582.1290893554688,
      "S023": 672.0862426757812,
      "S024": 1071.4239501953125,
      "S025": 774.1126098632812,
      "S026": 648.2427978515625,
      "S027": 1619.2537841796875,
      "S028": 1128.985595703125,
      "S029": 2805.50439453125,
      "S030": 2805.50439453125,
      "S031": 1131.220703125,
      "S032": 1589.6009521484375,
      "S033": 1533.3267822265625,
      "S034": 529.8352661132812,
      "S035": 1152.460693359375,
      "S036": 1279.5513916015625,
      "S037": 756.1572875976562,
      "S038": 657.1283569335938,
      "S039": 571.7373046875,
      "S040": 863.375732421875,
      "S041": 961.0028076171875,
      "S042": 2110.58740234375,
      "S043": 1375.740234375,
      "S044": 1659.809326171875,
      "S045": 1098.493408203125,
      "S046": 1092.9825439453125,
      "S047": 607.109130859375,
      "S048": 1066.000244140625,
      "S049": 691.8544921875,
      "S050": 1138.29345703125,
      "S051": 1832.4791259765625,
      "S052": 1682.35009765625,
      "S053": 901.4410400390625,
      "S054": 701.5833129882812,
      "S055": 934.1167602539062,
      "S056": 711.8077392578125,
      "S057": 1965.396728515625,
      "S058": 991.8607788085938,
      "S059": 661.2352294921875,
      "S060": 475.1233825683594,
      "S061": 746.923828125,
      "S062": 1483.536865234375,
      "S063": 733.3651123046875,
      "S064": 1799.2928466796875,
      "S065": 958.8110961914062,
      "S066": 829.8550415039062,
      "S067": 1029.30712890625,
      "S068": 824.8112182617188,
      "S069": 2063.24169921875,
      "S070": 1286.347900390625,
      "S071": 798.4188842773438,
      "S072": 1971.51123046875,
      "S073": 900.9041748046875,
      "S074": 526.2180786132812,
      "S075": 703.9761352539062,
      "S076": 822.30859375,
      "S077": 3364.3330078125,
      "S078": 1699.165283203125,
      "S079": 1086.5460205078125,
      "S080": 539.1577758789062
    }
  }
}